Courses,Conflicts
CS 10,125
PHYS 11,138
MATH 12,152
CHEM 13,41
DS 14,173
EE 15,346
CS 16,387
PHYS 17,169
MATH 18,137
CHEM 19,179
DS 20,136
EE 21,344
CS 22,287
PHYS 23,172
MATH 24,327
CHEM 25,324
DS 26,21
EE 27,191
CS 28,354
PHYS 29,120
MATH 30,151
CHEM 31,243
DS 32,111
EE 33,319
CS 34,66
PHYS 35,224
MATH 36,23
CHEM 37,169
DS 38,1
EE 39,114
CS 40,31
PHYS 41,180
MATH 42,385
CHEM 43,301
DS 44,44
EE 45,53
CS 46,50
PHYS 47,31
MATH 48,289
CHEM 49,33
DS 50,283
EE 51,43
CS 52,58
PHYS 53,125
MATH 54,374
CHEM 55,220
DS 56,186
EE 57,248
CS 58,343
PHYS 59,8
MATH 60,114
CHEM 61,358
DS 62,25
EE 63,172
CS 64,3
PHYS 65,152
MATH 66,183
CHEM 67,275
DS 68,161
EE 69,182
CS 70,101
PHYS 71,109
MATH 72,303
CHEM 73,143
DS 74,140
EE 75,23
CS 76,295
PHYS 77,103
MATH 78,123
CHEM 79,143
DS 80,189
EE 81,56
CS 82,370
PHYS 83,248
MATH 84,316
CHEM 85,205
DS 86,113
EE 87,235
CS 88,276
PHYS 89,120
MATH 90,80
CHEM 91,388
DS 92,1
EE 93,156
CS 94,308
PHYS 95,6
MATH 96,50
CHEM 97,249
DS 98,224
EE 99,347
CS 100,250
PHYS 101,207
MATH 102,305
CHEM 103,328
DS 104,75
EE 105,344
CS 106,383
PHYS 107,40
MATH 108,49
CHEM 109,58
DS 110,174
EE 111,275
CS 112,108
PHYS 113,167
MATH 114,241
CHEM 115,296
DS 116,334
EE 117,400
CS 118,85
PHYS 119,197
MATH 120,157
CHEM 121,29
DS 122,153
EE 123,363
CS 124,290
PHYS 125,78
MATH 126,217
CHEM 127,199
DS 128,9
EE 129,331
CS 130,358
PHYS 131,280
MATH 132,240
CHEM 133,237
DS 134,286
EE 135,375
CS 136,265
PHYS 137,394
MATH 138,193
CHEM 139,154
DS 140,226
EE 141,92
CS 142,322
PHYS 143,124
MATH 144,308
CHEM 145,34
DS 146,291
EE 147,144
CS 148,282
PHYS 149,226
MATH 150,113
CHEM 151,235
DS 152,16
EE 153,141
CS 154,345
PHYS 155,227
MATH 156,54
CHEM 157,228
DS 158,332
EE 159,353
,272
,245
,139
,59
,192
,127
,384
,4
,44
,4
,397
,235
,285
,209
,71
,148
,151
,20
,154
,248
,123
,392
,218
,254
,154
,310
,256
,280
,314
,165
,115
,245
,196
,339
,122
,399
,106
,11
,342
,151
,180
,192
,82
,273
,127
,63
,56
,47
,35
,74
,359
,43
,22
,184
,8
,311
,295
,178
,199
,338
,317
,266
,97
,203
,172
,352
,29
,46
,186
,366
,197
,286
,175
,299
,137
,223
,142
,21
,98
,105
,82
,308
,279
,59
,351
,261
,116
,345
,92
,145
,335
,77
,224
,108
,323
,54
,287
,309
,212
,125
,219
,336
,122
,387
,206
,352
,191
,57
,158
,87
,275
,75
,190
,309
,291
,386
,353
,214
,132
,244
,8
,395
,361
,377
,7
,127
,162
,334
,182
,265
,56
,274
,341
,168
,139
,99
,161
,362
,222
,236
,228
,276
,230
,182
,397
,74
,278
,20
,325
,28
,79
,186
,254
,168
,192
,40
,81
,326
,52
,91
,109
,244
,348
,47
,296
,356
,276
,132
,322
,192
,22
,364
,323
,11
,398
,274
,235
,27
,154
,48
,386
,180
,324
,80
,119
,358
,217
,113
,11
,373
,152
,342
,168
,118
,241
,354
,156
,256
,53
,165
,344
,97
,47
,267
,359
,16
,216
,364
,314
,39
,227
,186
,329
,232
,238
,257
,39
,130
,304
,44
,369
,229
,155
,41
,159
,44
,59
,36
,266
,260
,56
,110
,165
,381
,221
,86
,56
,156
,124
,70
,308
,13
,62
,280
,87
,353
,270
,184
,289
,161
,239
,48
,204
,20
,29
,127
,294
,129
,228
,10
,215
,155
,28
,75
,273
,89
,348
,181
,122
,368
,177
,98
,192
,229
,281
,124
,344
,339
,159
,111
,273
,53
,83
,234
,292
,246
,353
,26
,265
,195
,40
,185
,75
,335
,246
,198
,399
,151
,335
,132
,62
,288
,66
,286
,270
,20
,3
,117
,94
,83
,305
,111
,13
,304
,168
,343
,227
,7
,114
,255
,125
,149
,113
,204
,51
,243
,70
,337
,193
,234
,81
,362
,106
,373
,309
,86
,251
,29
,13
,214
,286
,366
,336
,367
,255
,31
,198
,280
,218
,397
,36
,7
,279
,239
,1
,258
,198
,183
,374
,189
,59
,140
,315
,339
,399
,334
,80
,200
,384
,101
,16
,371
,339
,259
,128
,192
,344
,191
,66
,259
,79
,284
,189
,308
,138
,346
,247
,102
,5
,296
,61
,112
,255
,210
,372
,261
,184
,68
,94
,278
,162
,107
,169
,320
,257
,231
,28
,278
,304
,207
,376
,87
,151
,367
,399
,330
,67
,102
,107
,131
,369
,347
,217
,373
,197
,282
,165
,137
,333
,126
,343
,95
,193
,206
,394
,281
,330
,205
,36
,328
,55
,86
,99
,342
,373
,32
,44
,26
,149
,128
,291
,393
,16
,28
,226
,118
,1
,138
,400
,321
,338
,135
,280
,355
,327
,139
,56
,165
,397
,11
,18
,377
,330
,312
,280
,156
,123
,308
,114
,267
,85
,267
,120
,50
,385
,56
,312
,346
,387
,217
,157
,376
,119
,336
,376
,247
,323
,47
,365
,231
,206
,97
,260
,397
,169
,398
,232
,177
,342
,59
,359
,329
,365
,395
,324
,188
,122
,389
,83
,17
,269
,259
,72
,249
,272
,163
,210
,146
,25
,141
,218
,238
,101
,364
,34
,66
,323
,203
,217
,395
,198
,164
,381
,24
,358
,63
,393
,57
,209
,324
,194
,132
,36
,227
,174
,362
,333
,305
,340
,256
,171
,133
,288
,340
,311
,258
,297
,41
,188
,199
,290
,317
,162
,129
,109
,106
,132
,154
,88
,164
,350
,167
,54
,330
,104
,249
,269
,119
,48
,126
,173
,389
,21
,399
,302
,129
,360
,22
,145
,346
,367
,173
,318
,281
,390
,22
,335
,31
,19
,397
,247
,1
,391
,185
,241
,117
,229
,387
,79
,365
,397
,43
,175
,22
,384
,262
,282
,294
,200
,236
,6
,389
,149
,225
,181
,126
,94
,221
,386
,22
,103
,270
,294
,326
,255
,337
,358
,82
,79
,122
,235
,28
,312
,310
,345
,154
,367
,129
,325
,374
,395
,118
,301
,229
,262
,220
,37
,335
,57
,98
,204
,97
,346
,254
,181
,49
,101
,368
,380
,46
,377
,114
,156
,233
,336
,254
,230
,24
,292
,271
,88
,7
,174
,400
,329
,200
,219
,87
,119
,198
,301
,223
,143
,381
,319
,115
,188
,104
,70
,389
,228
,189
,162
,307
,183
,201
,78
,251
,213
,163
,24
,211
,220
,70
,212
,162
,230
,211
,238
,378
,74
,177
,262
,224
,277
,306
,337
,230
,66
,267
,303
,323
,308
,192
,343
,257
,88
,237
,13
,237
,197
,280
,79
,382
,220
,259
,67
,157
,122
,221
,36
,97
,192
,110
,146
,101
,19
,172
,249
,9
,261
,224
,320
,276
,36
,130
,244
,86
,298
,299
,193
,396
,393
,239
,161
,312
,379
,191
,321
,31
,144
,78
,56
,216
,165
,128
,326
,321
,297
,330
,169
,122
,194
,218
,3
,140
,134
,325
,152
,184
,377
,44
,268
,213
,147
,278
,91
,61
,69
,210
,338
,282
,336
,106
,258
,308
,322
,390
,247
,353
,376
,191
,184
,263
,68
,334
,258
,369
,294
,348
,343
,355
,158
,10
,210
,17
,173
,286
,140
,183
,216
,317
,278
,199
,342
,231
,265
,176
,309
,32
,142
,125
,327
,15
,219
,115
,238
,243
,360
,386
,192
,24
,344
,357
,27
,161
,148
,47
,78
,42
,267
,83
,42
,83
,67
,259
,127
,32
,23
,93
,350
,336
,384
,221
,382
,383
,150
,345
,128
,319
,292
,203
,265
,158
,347
,157
,21
,199
,273
,159
,217
,329
,386
,235
,203
,49
,240
,101
,350
,41
,61
,153
,194
,41
,93
,272
,259
,125
,90
,167
,235
,328
,81
,390
,21
,150
,195
,141
,357
,11
,229
,314
,210
,366
,98
,260
,152
,360
,398
,212
,329
,228
,248
,59
,297
,224
,69
,38
,1
,209
,9
,233
,12
,380
,217
,221
,270
,87
,142
,25
,244
,258
,28
,274
,18
,77
,336
,315
,175
,344
,388
,198
,335
,195
,369
,88
,78
,267
,17
,277
,114
,267
,359
,347
,104
,211
,84
,326
,67
,374
,375
,134
,354
,128
,30
,149
,74
,143
,162
,142
,80
,4
,187
,99
,7
,369
,87
,356
,183
,318
,237
,146
,120
,278
,291
,206
,313
,360
,252
,293
,392
,390
,347
,315
,297
,147
,313
,327
,111
,51
,342
,303
,217
,226
,56
,312
,352
,11
,335
,33
,358
,385
,15
,354
,209
,334
,232
,343
,207
,313
,142
,260
,155
,189
,280
,229
,126
,322
,351
,334
,20
,218
,133
,18
,78
,337
,343
,172
,253
,226
,307
,111
,105
,243
,137
,392
,156
,355
,158
,224
,49
,324
,160
,181
,143
,143
,98
,217
,19
,64
,29
,312
,181
,139
,220
,192
,121
,208
,351
,370
,171
,276
,30
,32
,75
,263
,383
,333
,312
,4
,235
,318
,35
,57
,253
,112
,44
,301
,197
,47
,219
,332
,369
,59
,395
,173
,152
,220
,265
,49
,78
,305
,146
,233
,228
,151
,143
,312
,92
,232
,284
,6
,83
,187
,90
,197
,274
,243
,228
,41
,212
,328
,155
,224
,70
,186
,48
,308
,31
,104
,316
,384
,63
,392
,191
,205
,283
,272
,243
,218
,30
,165
,312
,90
,80
,334
,122
,15
,374
,242
,124
,364
,390
,364
,217
,97
,152
,54
,399
,287
,241
,63
,5
,272
,122
,25
,111
,348
,158
,310
,43
,295
,92
,103
,255
,388
,174
,9
,75
,320
,90
,205
,296
,136
,395
,41
,145
,270
,399
,99
,165
,305
,160
,110
,349
,215
,263
,267
,173
,258
,379
,346
,108
,302
,70
,157
,65
,34
,297
,332
,372
,340
,178
,295
,298
,194
,46
,373
,292
,150
,393
,114
,41
,162
,123
,73
,301
,225
,398
,151
,282
,173
,33
,262
,390
,34
,335
,291
,15
,380
,245
,86
,271
,191
,65
,102
,82
,359
,319
,287
,154
,257
,276
,273
,348
,361
,83
,141
,278
,377
,40
,10
,209
,352
,147
,76
,223
,271
,349
,269
,266
,253
,172
,64
,399
,276
,367
,170
,349
,314
,272
,264
,67
,74
,93
,103
,317
,42
,122
,264
,198
,393
,224
,53
,371
,295
,317
,304
,257
,324
,34
,182
,241
,43
,89
,76
,310
,248
,259
,180
,61
,174
,33
,346
,143
,333
,92
,398
,129
,310
,74
,347
,81
,227
,84
,225
,100
,328
,147
,59
,359
,312
,242
,393
,35
,317
,78
,196
,34
,148
,296
,377
,351
,42
,151
,189
,362
,277
,8
,231
,101
,135
,70
,123
,50
,354
,347
,127
,399
,262
,283
,225
,66
,150
,374
,350
,284
,314
,112
,240
,184
,79
,101
,121
,354
,23
,108
,317
,278
,286
,61
,128
,111
,185
,333
,359
,287
,228
,117
,43
,107
,310
,313
,117
,223
,91
,269
,331
,176
,227
,113
,236
,353
,240
,60
,221
,335
,70
,17
,148
,203
,123
,141
,164
,297
,172
,34
,246
,172
,387
,135
,183
,50
,94
,281
,146
,51
,200
,377
,299
,344
,346
,272
,263
,189
,159
,381
,234
,264
,77
,81
,35
,48
,185
,256
,259
,296
,386
,47
,329
,111
,175
,79
,346
,256
,301
,243
,319
,12
,251
,58
,264
,235
,355
,78
,293
,381
,314
,305
,180
,329
,148
,112
,176
,217
,196
,299
,301
,198
,109
,377
,276
,350
,29
,316
,100
,8
,43
,400
,332
,179
,48
,32
,130
,38
,320
,307
,296
,3
,181
,207
,371
,374
,125
,156
,332
,129
,339
,349
,17
,189
,270
,59
,41
,288
,84
,370
,258
,12
,174
,1
,92
,157
,122
,152
,331
,258
,328
,207
,19
,363
,164
,209
,37
,192
,124
,349
,195
,161
,387
,321
,60
,14
,330
,243
,35
,254
,340
,353
,8
,144
,24
,150
,340
,316
,223
,167
,53
,342
,56
,131
,320
,199
,399
,267
,173
,222
,389
,149
,121
,11
,112
,369
,283
,12
,21
,237
,293
,40
,255
,249
,222
,289
,165
,333
,337
,16
,362
,145
,282
,329
,334
,271
,138
,148
,47
,256
,100
,170
,71
,197
,169
,260
,25
,221
,357
,8
,135
,356
,48
,212
,28
,205
,376
,111
,345
,256
,171
,189
,265
,282
,141
,176
,114
,171
,382
,302
,305
,348
,89
,317
,148
,126
,12
,2
,232
,264
,179
,28
,46
,40
,29
,166
,346
,91
,246
,298
,145
,144
,298
,132
,176
,204
,355
,394
,290
,139
,173
,21
,354
,88
,123
,339
,81
,72
,62
,95
,279
,90
,282
,47
,6
,4
,21
,237
,91
,305
,205
,304
,381
,284
,264
,75
,10
,383
,210
,331
,72
,127
,376
,362
,347
,371
,324
,115
,44
,55
,63
,348
,25
,62
,389
,256
,291
,367
,286
,159
,169
,333
,52
,342
,355
,26
,293
,119
,280
,393
,202
,162
,46
,90
,223
,309
,225
,34
,365
,328
,332
,136
,167
,365
,306
,193
,292
,388
,101
,236
,289
,242
,383
,198
,246
,168
,78
,259
,138
,180
,309
,370
,250
,253
,7
,86
,300
,230
,123
,78
,218
,230
,274
,229
,113
,312
,312
,23
,216
,237
,61
,179
,314
,367
,115
,164
,327
,87
,157
,167
,49
,323
,83
,223
,135
,148
,388
,357
,265
,42
,220
,36
,328
,134
,332
,94
,195
,196
,320
,230
,135
,200
,104
,287
,112
,336
,28
,200
,117
,104
,390
,128
,297
,321
,177
,288
,370
,68
,33
,272
,156
,183
,3
,267
,260
,75
,217
,225
,92
,352
,86
,299
,325
,147
,94
,336
,264
,160
,20
,271
,243
,157
,80
,345
,306
,84
,351
,116
,385
,291
,182
,330
,99
,184
,175
,209
,260
,75
,80
,134
,221
,253
,177
,171
,177
,303
,255
,332
,66
,376
,254
,189
,342
,138
,203
,323
,48
,46
,371
,123
,107
,294
,41
,304
,110
,61
,381
,66
,230
,132
,301
,165
,313
,355
,294
,329
,198
,165
,108
,2
,339
,209
,375
,331
,167
,130
,237
,86
,58
,272
,379
,371
,295
,93
,320
,382
,25
,165
,247
,77
,350
,45
,270
,380
,94
,215
,130
,365
,246
,342
,202
,34
,206
,73
,80
,62
,397
,165
,361
,379
,89
,45
,353
,143
,97
,246
,379
,377
,185
,148
,220
,272
,371
,146
,245
,63
,198
,193
,131
,194
,205
,43
,110
,56
,262
,205
,222
,141
,211
,179
,90
,265
,156
,198
,109
,310
,311
,265
,283
,360
,91
,303
,116
,301
,65
,114
,86
,270
,179
,31
,39
,6
,362
,1
,108
,254
,57
,181
,71
,152
,225
,231
,323
,399
,63
,313
,20
,292
,346
,18
,212
,142
,192
,165
,3
,149
,120
,337
,192
,165
,204
,387
,13
,321
,380
,260
,295
,203
,191
,106
,397
,1
,176
,245
,273
,173
,68
,22
,194
,171
,82
,136
,11
,132
,87
,204
,103
,245
,166
,300
,340
,286
,109
,341
,289
,269
,361
,81
,230
,83
,337
,99
,112
,20
,173
,93
,289
,396
,83
,369
,376
,89
,125
,390
,185
,161
,148
,14
,125
,161
,348
,395
,138
,352
,180
,374
,31
,262
,377
,4
,256
,30
,162
,94
,257
,249
,248
,219
,12
,380
,36
,23
,194
,48
,3
,236
,304
,334
,362
,149
,313
,138
,336
,141
,130
,319
,314
,77
,301
,296
,223
,330
,328
,144
,6
,30
,67
,97
,6
,179
,94
,41
,341
,168
,46
,137
,330
,279
,282
,301
,313
,14
,289
,327
,342
,369
,33
,223
,18
,138
,231
,284
,330
,283
,311
,300
,322
,356
,131
,93
,39
,110
,167
,155
,101
,69
,216
,252
,295
,320
,343
,128
,378
,52
,166
,80
,200
,332
,289
,27
,259
,396
,130
,285
,178
,137
,51
,230
,197
,125
,214
,176
,53
,273
,90
,270
,40
,230
,217
,188
,395
,379
,143
,243
,224
,1
,396
,3
,396
,395
,312
,396
,324
,294
,353
,356
,234
,5
,123
,251
,185
,154
,104
,360
,320
,47
,63
,378
,118
,79
,296
,226
,49
,384
,221
,117
,105
,378
,329
,282
,235
,267
,384
,392
,322
,60
,88
,200
,4
,112
,350
,221
,222
,303
,265
,165
,149
,173
,77
,2
,327
,287
,12
,333
,330
,40
,366
,49
,138
,46
,21
,162
,293
,376
,225
,92
,63
,309
,91
,132
,295
,372
,208
,238
,137
,33
,279
,106
,269
,73
,236
,76
,248
,129
,389
,68
,174
,151
,304
,124
,285
,284
,10
,4
,186
,278
,3
,75
,98
,235
,18
,252
,1
,117
,305
,160
,4
,191
,203
,240
,241
,240
,75
,46
,52
,376
,327
,324
,14
,249
,257
,372
,289
,3
,181
,139
,339
,275
,211
,152
,156
,345
,206
,106
,18
,127
,56
,151
,380
,139
,199
,2
,97
,337
,4
,303
,344
,259
,125
,190
,218
,357
,47
,284
,79
,143
,192
,12
,37
,73
,359
,61
,135
,216
,44
,114
,17
,199
,374
,306
,64
,114
,370
,161
,93
,142
,51
,189
,51
,126
,296
,355
,70
,291
,232
,161
,329
,322
,388
,400
,151
,11
,88
,158
,143
,290
,245
,222
,307
,337
,50
,188
,45
,304
,32
,394
,74
,115
,355
,21
,288
,22
,68
,242
,315
,97
,225
,327
,112
,331
,250
,354
,252
,169
,78
,141
,320
,377
,76
,312
,325
,143
,132
,170
,44
,149
,63
,106
,118
,65
,86
,156
,311
,388
,151
,20
,156
,199
,48
,117
,129
,136
,200
,147
,184
,381
,394
,236
,301
,298
,242
,203
,148
,171
,35
,36
,259
,141
,85
,60
,25
,322
,121
,208
,77
,170
,394
,97
,201
,393
,293
,358
,316
,168
,193
,188
,236
,224
,311
,290
,346
,107
,91
,167
,111
,311
,50
,23
,367
,33
,321
,193
,114
,28
,394
,333
,5
,128
,170
,123
,26
,214
,6
,392
,331
,199
,159
,96
,173
,229
,317
,235
,230
,110
,335
,108
,369
,225
,112
,14
,380
,228
,259
,260
,305
,300
,119
,55
,168
,190
,201
,170
,294
,18
,361
,50
,295
,240
,345
,31
,383
,13
,116
,376
,222
,398
,51
,10
,222
,367
,133
,392
,236
,350
,189
,226
,11
,142
,359
,179
,13
,195
,111
,58
,60
,380
,177
,283
,314
,157
,253
,288
,276
,299
,369
,133
,14
,23
,203
,129
,3
,43
,38
,363
,377
,205
,225
,375
,385
,31
,306
,137
,101
,37
,191
,342
,182
,34
,237
,142
,397
,23
,205
,373
,380
,104
,143
,189
,222
,151
,164
,257
,268
,284
,312
,341
,285
,331
,120
,400
,359
,22
,320
,286
,101
,175
,374
,300
,195
,219
,150
,173
,338
,25
,367
,165
,165
,366
,294
,19
,80
,250
,247
,174
,57
,126
,290
,95
,221
,297
,294
,234
,251
,14
,173
,350
,400
,357
,150
,261
,371
,49
,308
,292
,118
,187
,12
,352
,229
,294
,32
,221
,144
,44
,201
,147
,177
,17
,184
,185
,277
,386
,207
,259
,276
,18
,395
,152
,390
,225
,296
,190
,164
,236
,88
,297
,330
,108
,254
,169
,364
,302
,110
,224
,305
,49
,221
,356
,301
,144
,197
,254
,279
,142
,355
,69
,201
,214
,38
,381
,144
,361
,106
,189
,20
,29
,168
,256
,358
,340
,154
,262
,351
,192
,65
,239
,339
,190
,92
,102
,257
,37
,386
,102
,131
,317
,69
,64
,141
,389
,390
,299
,27
,5
,146
,331
,56
,65
,157
,321
,93
,28
,169
,104
,201
,74
,22
,77
,335
,130
,165
,3
,147
,393
,85
,201
,11
,276
,251
,392
,93
,357
,374
,272
,342
,180
,282
,220
,313
,62
,361
,18
,109
,161
,302
,162
,74
,370
,230
,312
,113
,225
,122
,332
,265
,178
,275
,172
,184
,76
,70
,384
,38
,290
,339
,9
,21
,24
,152
,5
,324
,217
,245
,140
,296
,290
,26
,232
,102
,153
,150
,400
,168
,298
,332
,254
,352
,295
,277
,85
,68
,63
,209
,188
,362
,82
,377
,107
,23
,123
,301
,69
,242
,208
,94
,376
,186
,366
,385
,319
,225
,156
,354
,55
,295
,45
,207
,374
,256
,67
,295
,392
,262
,139
,256
,175
,382
,394
,85
,399
,346
,86
,299
,397
,37
,269
,91
,352
,102
,240
,204
,250
,321
,398
,251
,318
,175
,372
,173
,171
,7
,276
,91
,13
,276
,290
,236
,289
,346
,270
,315
,82
,132
,281
,351
,114
,51
,393
,227
,244
,89
,260
,285
,231
,68
,71
,178
,146
,74
,205
,177
,145
,242
,171
,43
,392
,27
,299
,303
,146
,341
,295
,112
,277
,195
,302
,178
,281
,119
,372
,380
,356
,147
,32
,156
,17
,164
,374
,77
,214
,291
,65
,360
,143
,1
,67
,228
,319
,382
,126
,372
,149
,23
,153
,381
,99
,250
,355
,24
,231
,129
,231
,142
,349
,13
,156
,43
,226
,325
,283
,237
,342
,225
,238
,313
,53
,248
,226
,12
,3
,291
,297
,191
,202
,228
,252
,157
,33
,320
,58
,325
,303
,266
,49
,261
,256
,111
,208
,6
,148
,338
,90
,77
,262
,129
,236
,267
,36
,351
,230
,339
,50
,280
,263
,117
,91
,67
,388
,387
,361
,58
,109
,230
,163
,77
,393
,25
,347
,20
,68
,282
,136
,239
,22
,29
,250
,61
,147
,274
,325
,295
,329
,322
,274
,235
,268
,132
,103
,247
,12
,380
,382
,397
,326
,302
,245
,20
,354
,173
,62
,378
,190
,294
,222
,184
,380
,3
,149
,91
,101
,51
,289
,378
,263
,26
,249
,153
,266
,84
,76
,125
,373
,37
,212
,137
,60
,282
,184
,232
,318
,94
,101
,176
,95
,194
,245
,156
,262
,83
,212
,88
,158
,397
,179
,124
,298
,208
,322
,178
,93
,140
,55
,373
,287
,125
,261
,395
,243
,350
,236
,139
,391
,286
,46
,360
,265
,253
,198
,82
,340
,34
,395
,367
,175
,313
,118
,243
,42
,236
,158
,161
,78
,48
,70
,362
,262
,47
,312
,234
,14
,293
,57
,336
,397
,60
,258
,122
,63
,145
,78
,200
,326
,396
,315
,178
,252
,276
,126
,156
,23
,100
,284
,303
,154
,324
,223
,65
,27
,275
,11
,378
,391
,13
,94
,251
,325
,35
,303
,323
,132
,10
,167
,175
,400
,14
,109
,93
,364
,9
,189
,55
,361
,171
,115
,155
,284
,18
,14
,180
,154
,270
,163
,64
,126
,120
,142
,241
,150
,104
,146
,93
,305
,178
,316
,321
,254
,111
,225
,45
,58
,77
,260
,213
,228
,280
,129
,39
,400
,148
,23
,182
,234
,53
,178
,274
,61
,102
,93
,161
,80
,345
,210
,398
,246
,314
,154
,63
,258
,307
,164
,235
,305
,284
,326
,225
,70
,125
,92
,154
,106
,257
,150
,181
,89
,278
,318
,236
,248
,178
,89
,53
,230
,152
,296
,214
,269
,391
,111
,238
,273
,342
,170
,88
,103
,68
,225
,49
,218
,147
,19
,44
,345
,62
,79
,146
,255
,88
,282
,194
,49
,368
,123
,27
,362
,131
,237
,328
,3
,42
,288
,70
,143
,275
,267
,262
,122
,122
,80
,42
,357
,382
,398
,224
,243
,75
,55
,77
,250
,106
,86
,342
,48
,83
,269
,275
,302
,256
,80
,238
,118
,182
,87
,82
,100
,247
,179
,260
,364
,136
,161
,49
,307
,233
,323
,235
,306
,83
,398
,15
,4
,121
,137
,287
,367
,167
,198
,235
,38
,377
,320
,239
,339
,134
,305
,137
,137
,155
,232
,160
,268
,91
,128
,250
,392
,356
,399
,166
,302
,53
,189
,77
,332
,157
,393
,183
,313
,48
,157
,374
,233
,125
,268
,118
,100
,4
,278
,300
,72
,6
,214
,120
,39
,78
,198
,356
,94
,209
,380
,101
,277
,170
,308
,295
,150
,72
,120
,295
,125
,292
,184
,244
,143
,155
,386
,227
,298
,213
,40
,272
,358
,166
,364
,48
,74
,54
,351
,379
,106
,225
,94
,251
,7
,236
,254
,24
,241
,191
,292
,209
,283
,217
,36
,200
,163
,246
,52
,61
,301
,4
,77
,295
,360
,308
,152
,132
,81
,141
,216
,287
,304
,97
,129
,357
,200
,65
,55
,382
,76
,151
,289
,70
,319
,233
,50
,225
,339
,55
,354
,166
,178
,11
,131
,358
,114
,226
,326
,283
,88
,357
,308
,174
,384
,295
,316
,352
,115
,389
,282
,76
,85
,126
,198
,343
,331
,185
,117
,356
,370
,207
,267
,71
,302
,99
,215
,206
,183
,12
,164
,139
,306
,298
,371
,279
,192
,275
,48
,6
,122
,133
,51
,104
,254
,86
,169
,218
,104
,351
,87
,110
,159
,223
,299
,350
,394
,166
,195
,39
,206
,387
,122
,310
,8
,371
,281
,335
,350
,277
,348
,127
,171
,211
,231
,78
,156
,365
,4
,378
,305
,279
,114
,299
,152
,346
,222
,283
,221
,146
,390
,155
,94
,63
,207
,162
,229
,13
,133
,398
,95
,124
,177
,191
,320
,309
,5
,200
,279
,198
,397
,397
,226
,200
,281
,21
,166
,254
,283
,353
,373
,216
,319
,93
,223
,372
,121
,371
,100
,144
,253
,203
,171
,227
,299
,323
,370
,204
,372
,326
,225
,287
,364
,96
,330
,361
,216
,384
,351
,8
,52
,345
,210
,90
,141
,348
,136
,85
,352
,205
,58
,333
,80
,111
,161
,73
,124
,397
,183
,189
,254
,73
,181
,143
,192
,325
,240
,154
,184
,232
,77
,145
,45
,373
,6
,5
,163
,268
,298
,319
,19
,398
,130
,122
,229
,367
,360
,236
,222
,285
,351
,88
,355
,353
,61
,172
,161
,185
,352
,245
,148
,226
,221
,58
,103
,151
,56
,304
,400
,108
,13
,394
,125
,84
,273
,37
,271
,123
,241
,207
,342
,14
,158
,238
,246
,115
,8
,364
,190
,141
,388
,293
,301
,89
,342
,157
,356
,331
,122
,86
,317
,284
,371
,389
,202
,50
,264
,399
,262
,114
,18
,261
,65
,148
,266
,199
,193
,38
,182
,13
,360
,246
,322
,136
,262
,336
,222
,345
,220
,8
,283
,5
,183
,15
,290
,368
,174
,135
,71
,130
,336
,180
,352
,259
,11
,258
,156
,215
,99
,37
,387
,353
,84
,80
,216
,141
,34
,183
,381
,45
,284
,291
,301
,23
,384
,58
,332
,139
,111
,271
,323
,6
,251
,359
,7
,48
,398
,308
,142
,174
,170
,16
,321
,50
,347
,121
,248
,374
,107
,313
,366
,141
,323
,152
,362
,251
,248
,336
,48
,332
,43
,131
,313
,255
,215
,385
,283
,359
,202
,258
,13
,371
,307
,257
,279
,216
,64
,400
,323
,178
,195
,318
,326
,301
,308
,58
,392
,352
,395
,232
,248
,116
,54
,78
,312
,83
,192
,131
,126
,83
,234
,62
,199
,102
,62
,388
,76
,48
,358
,141
,352
,96
,305
,88
,164
,117
,23
,256
,135
,77
,274
,102
,70
,390
,397
,356
,262
,23
,371
,182
,161
,110
,218
,329
,133
,19
,301
,18
,140
,327
,284
,82
,284
,388
,294
,112
,324
,226
,367
,366
,99
,133
,150
,366
,88
,123
,13
,381
,163
,43
,198
,327
,284
,99
,301
,384
,279
,310
,311
,7
,254
,13
,358
,56
,124
,243
,2
,169
,287
,83
,251
,145
,332
,146
,323
,262
,140
,195
,191
,319
,386
,192
,394
,148
,294
,138
,127
,33
,91
,246
,26
,177
,333
,76
,64
,16
,194
,333
,2
,236
,170
,115
,369
,189
,303
,51
,146
,202
,118
,264
,394
,2
,26
,163
,93
,2
,298
,55
,111
,231
,290
,87
,80
,164
,394
,124
,97
,264
,53
,56
,369
,190
,81
,149
,282
,262
,389
,137
,248
,12
,259
,311
,355
,230
,354
,160
,219
,316
,332
,161
,113
,236
,109
,345
,88
,247
,129
,260
,166
,53
,196
,96
,308
,224
,361
,96
,389
,65
,373
,95
,149
,309
,374
,105
,394
,266
,213
,248
,293
,246
,139
,123
,358
,54
,165
,212
,283
,105
,10
,34
,293
,374
,153
,296
,244
,31
,319
,54
,103
,204
,42
,176
,14
,330
,111
,149
,138
,396
,28
,8
,20
,169
,324
,249
,367
,307
,252
,214
,171
,337
,398
,188
,332
,258
,214
,143
,316
,131
,233
,231
,232
,44
,108
,355
,264
,76
,177
,67
,337
,85
,80
,72
,393
,95
,120
,54
,329
,152
,168
,174
,146
,274
,344
,368
,167
,89
,238
,193
,290
,220
,247
,69
,217
,343
,272
,356
,303
,319
,72
,225
,112
,250
,102
,343
,92
,290
,357
,366
,172
,192
,241
,192
,227
,71
,345
,377
,353
,128
,294
,163
,92
,209
,14
,14
,46
,136
,234
,267
,182
,342
,293
,292
,205
,58
,223
,88
,5
,355
,174
,375
,254
,240
,98
,105
,322
,360
,92
,205
,271
,204
,328
,22
,325
,223
,182
,235
,88
,45
,117
,77
,275
,212
,332
,110
,163
,92
,90
,109
,106
,30
,131
,346
,230
,29
,352
,237
,278
,117
,204
,290
,68
,215
,269
,102
,363
,190
,291
,244
,193
,52
,105
,209
,121
,6
,378
,360
,230
,222
,50
,172
,388
,293
,75
,101
,68
,74
,160
,158
,312
,35
,292
,48
,358
,381
,36
,176
,161
,231
,60
,59
,328
,152
,396
,176
,39
,203
,265
,107
,62
,374
,177
,270
,303
,388
,256
,248
,229
,156
,25
,29
,259
,22
,129
,209
,381
,96
,232
,264
,302
,257
,381
,104
,39
,62
,130
,149
,201
,326
,166
,364
,19
,129
,21
,299
,36
,157
,75
,79
,162
,333
,392
,140
,195
,215
,177
,161
,331
,74
,35
,165
,40
,79
,280
,310
,400
,196
,182
,312
,43
,148
,374
,241
,97
,366
,281
,152
,168
,352
,308
,376
,261
,58
,12
,170
,384
,341
,251
,205
,256
,1
,241
,274
,321
,172
,305
,292
,208
,388
,238
,377
,173
,376
,129
,48
,353
,366
,76
,263
,344
,186
,283
,94
,124
,186
,19
,137
,233
,324
,323
,100
,86
,196
,399
,271
,283
,50
,186
,393
,267
,381
,305
,254
,61
,299
,337
,394
,220
,382
,269
,170
,9
,253
,238
,213
,161
,17
,370
,136
,308
,207
,359
,354
,223
,138
,140
,161
,29
,140
,99
,8
,183
,179
,85
,26
,172
,126
,191
,276
,90
,103
,68
,349
,132
,194
,222
,200
,382
,110
,106
,152
,315
,218
,210
,205
,329
,50
,288
,281
,1
,20
,147
,394
,315
,43
,254
,141
,379
,390
,81
,288
,253
,382
,301
,232
,43
,111
,372
,176
,357
,22
,278
,58
,201
,399
,371
,205
,225
,331
,214
,196
,263
,361
,195
,55
,321
,269
,19
,304
,194
,335
,169
,388
,222
,97
,152
,355
,112
,384
,53
,256
,169
,307
,82
,128
,361
,100
,199
,75
,321
,18
,81
,96
,209
,139
,164
,329
,156
,399
,120
,342
,151
,156
,320
,17
,393
,396
,99
,359
,162
,45
,169
,142
,51
,52
,398
,217
,276
,72
,174
,28
,68
,361
,24
,260
,327
,394
,86
,270
,264
,238
,86
,290
,164
,222
,136
,126
,233
,309
,114
,268
,68
,155
,60
,50
,113
,11
,186
,138
,1
,166
,375
,196
,382
,320
,389
,393
,259
,209
,13
,322
,302
,251
,211
,86
,306
,389
,140
,276
,279
,324
,131
,142
,362
,88
,82
,190
,8
,196
,198
,111
,245
,360
,102
,323
,196
,186
,132
,217
,132
,253
,182
,116
,279
,166
,263
,24
,153
,342
,236
,133
,161
,221
,333
,297
,223
,131
,396
,159
,300
,334
,322
,200
,160
,312
,8
,339
,271
,186
,121
,251
,348
,366
,344
,303
,357
,300
,98
,271
,253
,106
,58
,55
,25
,73
,115
,177
,122
,95
,67
,20
,8
,189
,354
,181
,140
,271
,331
,45
,73
,98
,221
,307
,400
,175
,295
,156
,51
,286
,298
,240
,26
,142
,182
,218
,396
,174
,313
,382
,397
,24
,101
,122
,363
,227
,320
,296
,252
,70
,86
,211
,182
,243
,9
,10
,373
,122
,2
,125
,258
,95
,73
,387
,69
,130
,20
,338
,305
,15
,15
,242
,8
,307
,298
,195
,346
,159
,34
,296
,75
,329
,336
,92
,247
,365
,323
,214
,315
,297
,361
,53
,76
,256
,305
,384
,369
,345
,58
,34
,96
,71
,300
,307
,160
,106
,255
,21
,26
,118
,390
,387
,158
,265
,264
,11
,337
,300
,396
,287
,78
,377
,56
,9
,143
,78
,146
,343
,185
,214
,217
,316
,87
,67
,151
,88
,235
,278
,71
,53
,172
,182
,10
,160
,215
,233
,12
,23
,265
,297
,224
,379
,9
,326
,138
,145
,271
,197
,322
,328
,303
,139
,76
,83
,323
,41
,364
,398
,127
,283
,296
,252
,116
,108
,319
,48
,82
,119
,101
,205
,169
,308
,117
,53
,20
,63
,9
,140
,353
,391
,335
,276
,245
,306
,2
,1
,82
,53
,209
,60
,35
,186
,337
,285
,310
,265
,145
,179
,165
,310
,53
,396
,83
,251
,376
,179
,357
,383
,42
,255
,341
,52
,244
,115
,96
,44
,395
,14
,292
,285
,3
,137
,334
,350
,321
,390
,243
,121
,59
,338
,172
,391
,340
,57
,113
,36
,107
,99
,307
,6
,209
,140
,316
,98
,393
,340
,4
,344
,40
,194
,141
,275
,304
,327
,93
,87
,120
,308
,20
,362
,192
,138
,387
,100
,272
,384
,102
,299
,181
,237
,35
,59
,135
,87
,370
,276
,379
,181
,329
,130
,125
,323
,113
,145
,154
,361
,380
,318
,300
,160
,315
,125
,132
,196
,368
,80
,336
,164
,175
,161
,183
,86
,131
,375
,203
,93
,121
,296
,270
,136
,313
,163
,280
,124
,76
,224
,141
,167
,156
,89
,220
,218
,62
,19
,227
,297
,361
,141
,157
,284
,341
,255
,352
,17
,170
,330
,77
,233
,372
,117
,96
,305
,282
,133
,300
,267
,148
,345
,384
,98
,360
,376
,285
,174
,230
,391
,299
,121
,215
,272
,227
,248
,383
,115
,193
,185
,235
,149
,337
,264
,308
,132
,267
,328
,145
,144
,334
,355
,80
,299
,374
,380
,162
,272
,314
,313
,212
,149
,173
,11
,301
,139
,350
,193
,289
,370
,136
,107
,108
,347
,359
,191
,319
,44
,25
,67
,282
,355
,187
,128
,58
,61
,200
,151
,317
,209
,66
,192
,288
,106
,163
,271
,304
,334
,294
,54
,180
,304
,242
,186
,280
,347
,234
,278
,353
,15
,108
,30
,266
,372
,9
,144
,387
,33
,357
,170
,95
,225
,82
,307
,209
,111
,9
,333
,208
,399
,390
,252
,50
,297
,266
,281
,186
,389
,301
,383
,109
,250
,386
,308
,43
,247
,376
,220
,105
,132
,24
,350
,256
,244
,143
,180
,39
,18
,127
,136
,284
,27
,147
,71
,377
,304
,104
,354
,273
,166
,68
,45
,238
,316
,230
,379
,183
,328
,254
,313
,326
,58
,267
,297
,389
,356
,364
,92
,99
,346
,152
,91
,385
,62
,21
,23
,275
,209
,305
,138
,206
,50
,160
,343
,155
,16
,165
,161
,239
,8
,28
,137
,232
,287
,357
,390
,116
,93
,28
,97
,326
,94
,15
,146
,114
,119
,148
,172
,169
,201
,31
,284
,281
,192
,129
,375
,90
,252
,132
,294
,98
,142
,112
,215
,238
,23
,46
,219
,141
,131
,186
,116
,150
,206
,270
,188
,159
,144
,118
,232
,120
,140
,229
,327
,44
,155
,330
,400
,63
,282
,305
,61
,146
,65
,109
,163
,59
,140
,312
,208
,247
,2
,170
,218
,398
,70
,330
,317
,311
,342
,146
,164
,291
,318
,243
,267
,172
,216
,155
,50
,340
,329
,264
,385
,61
,40
,158
,176
,355
,31
,324
,276
,345
,85
,294
,275
,50
,377
,15
,325
,281
,321
,184
,39
,333
,278
,297
,209
,99
,197
,98
,59
,314
,282
,175
,220
,30
,122
,319
,357
,284
,319
,316
,73
,10
,209
,193
,47
,68
,9
,144
,63
,298
,103
,284
,299
,371
,203
,301
,391
,168
,116
,286
,208
,129
,189
,165
,203
,45
,35
,252
,276
,165
,252
,241
,379
,90
,223
,70
,374
,165
,180
,304
,52
,225
,166
,90
,125
,121
,18
,187
,360
,76
,300
,27
,166
,106
,108
,44
,332
,295
,325
,210
,96
,219
,216
,298
,51
,239
,90
,220
,248
,72
,43
,393
,14
,87
,374
,18
,211
,57
,300
,314
,196
,345
,309
,36
,30
,241
,131
,255
,349
,295
,248
,260
,352
,279
,190
,249
,90
,197
,261
,133
,271
,196
,261
,52
,38
,153
,351
,314
,286
,171
,47
,234
,333
,127
,132
,115
,225
,151
,315
,100
,42
,292
,51
,287
,88
,148
,314
,74
,188
,36
,250
,286
,224
,111
,152
,334
,160
,366
,313
,150
,71
,24
,197
,288
,86
,366
,305
,308
,331
,160
,50
,303
,347
,349
,316
,145
,97
,304
,78
,308
,234
,37
,11
,286
,62
,244
,360
,174
,109
,311
,300
,384
,195
,368
,187
,118
,280
,156
,88
,286
,141
,306
,181
,257
,106
,320
,235
,187
,9
,215
,282
,119
,309
,292
,263
,334
,178
,137
,210
,261
,199
,320
,391
,47
,360
,58
,243
,398
,243
,179
,216
,166
,168
,304
,391
,297
,78
,65
,133
,272
,300
,101
,26
,184
,79
,205
,134
,64
,111
,263
,109
,359
,233
,349
,145
,186
,295
,105
,224
,244
,294
,390
,304
,112
,192
,174
,186
,47
,54
,168
,191
,115
,371
,312
,400
,83
,138
,312
,391
,214
,91
,358
,116
,259
,253
,49
,210
,330
,245
,20
,244
,256
,74
,330
,352
,189
,69
,78
,155
,400
,54
,30
,24
,11
,29
,28
,182
,99
,12
,108
,290
,334
,36
,355
,284
,210
,397
,181
,258
,289
,13
,79
,237
,173
,292
,42
,127
,148
,187
,203
,14
,179
,5
,238
,108
,337
,236
,86
,122
,163
,229
,302
,175
,261
,376
,132
,280
,330
,126
,348
,252
,320
,218
,261
,277
,303
,338
,330
,50
,115
,238
,386
,275
,242
,106
,263
,283
,164
,84
,324
,191
,131
,19
,16
,261
,107
,222
,196
,198
,314
,272
,52
,361
,169
,293
,394
,257
,340
,162
,308
,375
,213
,398
,13
,105
,372
,380
,275
,148
,312
,244
,146
,155
,86
,136
,385
,55
,161
,232
,38
,64
,14
,14
,151
,397
,83
,131
,225
,95
,370
,375
,88
,340
,168
,212
,245
,282
,300
,251
,321
,134
,300
,267
,32
,292
,76
,199
,165
,26
,196
,256
,88
,313
,84
,62
,15
,118
,355
,18
,5
,271
,387
,340
,133
,220
,251
,204
,182
,380
,325
,251
,184
,59
,172
,380
,46
,121
,192
,272
,199
,181
,117
,64
,218
,71
,344
,248
,39
,359
,137
,243
,60
,400
,163
,379
,195
,108
,128
,255
,106
,279
,282
,39
,268
,262
,77
,262
,15
,83
,169
,120
,305
,300
,162
,278
,51
,390
,200
,4
,179
,376
,314
,132
,153
,86
,286
,71
,194
,260
,241
,78
,179
,262
,160
,381
,269
,49
,199
,284
,115
,204
,350
,55
,343
,338
,167
,229
,332
,44
,352
,54
,278
,122
,251
,244
,352
,257
,152
,225
,217
,55
,30
,290
,251
,365
,251
,27
,385
,191
,144
,88
,195
,67
,140
,91
,66
,147
,102
,326
,22
,124
,53
,343
,51
,391
,31
,221
,12
,141
,33
,193
,73
,118
,288
,366
,45
,335
,297
,313
,100
,131
,59
,74
,12
,106
,214
,267
,38
,21
,356
,105
,348
,373
,34
,241
,52
,314
,177
,385
,346
,116
,148
,323
,89
,295
,72
,381
,302
,18
,24
,116
,165
,66
,155
,239
,266
,177
,228
,344
,272
,233
,345
,120
,329
,68
,115
,186
,3
,345
,254
,237
,43
,128
,312
,186
,24
,133
,86
,182
,191
,256
,347
,268
,60
,266
,109
,79
,270
,262
,285
,110
,373
,343
,68
,81
,107
,245
,382
,26
,372
,147
,188
,65
,129
,115
,46
,375
,275
,96
,7
,170
,198
,132
,270
,371
,191
,93
,147
,163
,230
,346
,360
,17
,279
,363
,242
,338
,109
,115
,6
,53
,74
,248
,28
,137
,147
,176
,37
,101
,207
,150
,159
,106
,301
,185
,320
,319
,56
,55
,358
,106
,156
,385
,203
,142
,269
,304
,65
,143
,308
,382
,156
,13
,134
,200
,58
,323
,223
,304
,350
,11
,62
,204
,156
,132
,176
,288
,276
,393
,9
,102
,394
,325
,239
,159
,118
,109
,175
,124
,153
,8
,218
,337
,88
,126
,129
,85
,286
,342
,274
,31
,88
,368
,341
,242
,62
,210
,24
,364
,293
,87
,235
,136
,259
,262
,255
,296
,212
,44
,386
,311
,180
,215
,214
,266
,199
,338
,57
,88
,358
,77
,169
,191
,235
,369
,261
,379
,299
,47
,298
,267
,372
,169
,246
,359
,25
,4
,328
,226
,23
,28
,68
,146
,153
,54
,271
,228
,234
,296
,39
,93
,374
,255
,319
,70
,71
,117
,132
,117
,6
,45
,379
,282
,233
,51
,379
,150
,207
,37
,355
,87
,229
,83
,268
,352
,233
,193
,116
,253
,95
,390
,160
,373
,362
,108
,228
,155
,197
,374
,260
,367
,196
,252
,348
,157
,149
,241
,215
,268
,194
,87
,219
,154
,358
,388
,339
,319
,1
,322
,214
,253
,219
,363
,69
,92
,370
,232
,110
,120
,29
,326
,293
,62
,326
,128
,122
,261
,76
,327
,134
,372
,351
,200
,60
,382
,36
,141
,113
,195
,138
,333
,337
,102
,354
,378
,313
,355
,315
,174
,86
,139
,357
,158
,173
,107
,103
,165
,60
,319
,357
,194
,311
,386
,86
,94
,111
,351
,363
,214
,191
,182
,159
,253
,368
,125
,277
,129
,317
,260
,367
,364
,166
,368
,340
,31
,268
,78
,94
,390
,319
,90
,241
,187
,197
,179
,237
,309
,106
,263
,215
,260
,100
,302
,181
,274
,272
,98
,292
,65
,336
,204
,66
,125
,86
,235
,106
,252
,24
,315
,62
,311
,176
,95
,19
,76
,200
,228
,81
,64
,42
,373
,338
,25
,221
,62
,232
,397
,20
,7
,237
,138
,52
,83
,118
,184
,23
,159
,314
,178
,22
,154
,80
,271
,47
,321
,348
,294
,158
,121
,74
,391
,83
,368
,49
,201
,329
,58
,269
,100
,127
,352
,64
,42
,284
,329
,46
,268
,74
,107
,300
,221
,320
,125
,9
,340
,284
,391
,390
,302
,178
,141
,236
,181
,259
,236
,355
,239
,189
,144
,384
,6
,262
,99
,127
,134
,276
,88
,169
,2
,76
,265
,90
,163
,356
,341
,337
,247
,173
,339
,303
,85
,342
,149
,97
,328
,240
,285
,58
,288
,296
,44
,198
,369
,85
,35
,54
,191
,223
,110
,307
,362
,275
,29
,394
,120
,256
,124
,51
,335
,288
,88
,21
,320
,49
,278
,103
,239
,352
,366
,315
,1
,223
,173
,344
,339
,107
,33
,172
,247
,266
,76
,226
,386
,389
,51
,248
,271
,213
,18
,27
,331
,290
,89
,69
,315
,224
,40
,271
,322
,373
,341
,216
,358
,262
,290
,38
,88
,290
,352
,121
,254
,16
,371
,92
,218
,357
,293
,349
,257
,160
,393
,149
,141
,203
,86
,19
,88
,360
,130
,5
,195
,108
,344
,90
,210
,54
,218
,6
,275
,246
,74
,273
,245
,351
,277
,13
,31
,324
,217
,332
,76
,367
,106
,324
,24
,290
,89
,246
,272
,230
,242
,292
,159
,79
,189
,398
,364
,144
,74
,105
,260
,120
,320
,178
,159
,238
,383
,92
,160
,292
,168
,192
,116
,206
,344
,323
,147
,72
,366
,36
,398
,86
,346
,384
,372
,42
,149
,183
,73
,192
,51
,292
,161
,2
,66
,354
,161
,279
,38
,336
,267
,223
,218
,157
,109
,154
,170
,292
,326
,351
,226
,11
,118
,174
,301
,399
,33
,220
,198
,179
,147
,20
,111
,276
,22
,125
,299
,145
,331
,147
,103
,254
,228
,346
,210
,398
,131
,58
,133
,151
,48
,352
,59
,272
,115
,4
,22
,340
,137
,274
,80
,58
,109
,249
,329
,345
,358
,349
,241
,5
,167
,363
,123
,185
,283
,60
,42
,290
,28
,151
,85
,203
,117
,368
,358
,50
,213
,308
,297
,143
,345
,76
,99
,383
,10
,86
,216
,206
,211
,109
,364
,222
,350
,70
,253
,4
,170
,253
,23
,388
,232
,316
,5
,373
,143
,172
,160
,220
,192
,265
,42
,41
,367
,21
,227
,212
,373
,299
,155
,39
,124
,43
,365
,6
,53
,236
,378
,240
,311
,131
,140
,48
,71
,177
,164
,91
,179
,261
,135
,385
,96
,235
,40
,136
,13
,175
,336
,282
,370
,118
,311
,238
,344
,275
,329
,233
,74
,129
,339
,167
,300
,18
,180
,104
,169
,22
,399
,241
,61
,124
,202
,265
,335
,74
,131
,202
,53
,382
,32
,396
,364
,372
,367
,38
,64
,77
,233
,375
,74
,209
,322
,185
,162
,326
,293
,4
,211
,106
,2
,250
,370
,72
,200
,67
,162
,124
,214
,230
,239
,85
,264
,265
,21
,208
,176
,45
,13
,252
,335
,144
,87
,325
,329
,251
,296
,215
,314
,370
,394
,228
,161
,343
,228
,240
,370
,52
,170
,266
,297
,75
,320
,160
,275
,344
,29
,178
,33
,285
,179
,64
,18
,85
,302
,52
,63
,17
,3
,298
,151
,333
,246
,241
,203
,141
,397
,348
,268
,295
,59
,252
,84
,141
,1
,118
,67
,328
,13
,159
,192
,382
,114
,183
,135
,271
,138
,96
,49
,265
,36
,351
,373
,21
,344
,132
,301
,94
,235
,286
,42
,343
,94
,184
,61
,167
,308
,296
,264
,118
,177
,143
,23
,149
,213
,41
,92
,352
,206
,374
,51
,340
,137
,162
,25
,375
,218
,275
,66
,118
,251
,73
,166
,301
,339
,233
,396
,15
,322
,353
,59
,207
,1
,399
,355
,165
,384
,336
,355
,16
,344
,66
,221
,8
,20
,226
,185
,142
,318
,2
,268
,355
,222
,213
,61
,260
,183
,185
,89
,169
,157
,60
,198
,74
,121
,140
,218
,192
,208
,176
,386
,329
,385
,213
,350
,361
,163
,174
,86
,224
,123
,37
,341
,58
,359
,175
,125
,384
,257
,147
,304
,10
,70
,43
,297
,340
,97
,33
,120
,215
,157
,311
,252
,114
,13
,199
,291
,34
,243
,225
,14
,359
,274
,38
,182
,44
,53
,146
,104
,175
,36
,258
,204
,107
,96
,373
,374
,145
,105
,267
,121
,19
,209
,25
,67
,288
,158
,184
,205
,228
,276
,21
,393
,176
,176
,216
,2
,194
,180
,94
,284
,53
,277
,325
,152
,15
,372
,56
,96
,176
,300
,142
,179
,90
,299
,21
,375
,90
,38
,75
,264
,394
,234
,113
,74
,215
,116
,186
,33
,309
,203
,204
,235
,279
,6
,115
,118
,225
,165
,135
,142
,65
,95
,383
,38
,249
,399
,118
,100
,338
,109
,280
,237
,379
,373
,344
,17
,63
,23
,371
,23
,153
,57
,92
,313
,287
,196
,191
,356
,389
,40
,353
,172
,47
,40
,304
,71
,84
,382
,295
,148
,277
,133
,45
,318
,330
,245
,276
,232
,131
,325
,306
,56
,223
,105
,311
,156
,107
,56
,106
,85
,340
,25
,278
,6
,246
,351
,280
,337
,292
,156
,152
,265
,235
,269
,19
,178
,71
,297
,307
,15
,140
,165
,292
,345
,278
,150
,185
,57
,144
,56
,144
,353
,241
,5
,343
,385
,239
,399
,6
,392
,23
,377
,214
,14
,316
,305
,285
,220
,9
,323
,172
,317
,46
,201
,227
,65
,23
,204
,178
,37
,327
,20
,141
,295
,135
,1
,392
,259
,83
,134
,14
,104
,140
,226
,381
,277
,128
,152
,44
,347
,21
,158
,377
,327
,166
,226
,375
,387
,84
,182
,149
,282
,314
,309
,26
,299
,111
,261
,297
,92
,33
,274
,377
,234
,146
,191
,280
,65
,131
,399
,139
,243
,1
,314
,173
,89
,298
,215
,216
,79
,345
,129
,3
,204
,3
,163
,316
,202
,13
,151
,259
,11
,72
,282
,212
,140
,89
,142
,343
,231
,295
,88
,261
,122
,14
,393
,316
,270
,237
,36
,238
,87
,373
,307
,293
,96
,362
,362
,248
,240
,66
,274
,67
,216
,206
,56
,297
,361
,80
,52
,1
,148
,391
,46
,244
,298
,85
,400
,376
,113
,246
,396
,200
,94
,113
,164
,48
,254
,109
,240
,108
,293
,289
,259
,281
,217
,389
,31
,128
,352
,345
,120
,289
,377
,242
,102
,145
,167
,234
,332
,125
,160
,111
,370
,267
,107
,144
,337
,334
,8
,122
,211
,25
,236
,138
,137
,23
,80
,304
,329
,9
,303
,304
,29
,310
,158
,45
,108
,189
,87
,211
,203
,370
,271
,396
,162
,369
,237
,29
,115
,47
,349
,392
,65
,372
,303
,136
,111
,367
,400
,171
,376
,175
,214
,142
,394
,241
,254
,382
,61
,360
,347
,226
,30
,196
,301
,192
,386
,330
,247
,181
,123
,315
,284
,202
,264
,271
,196
,347
,362
,82
,11
,263
,250
,28
,397
,194
,166
,393
,33
,13
,24
,195
,345
,158
,191
,99
,99
,155
,232
,276
,208
,28
,66
,263
,170
,12
,357
,255
,233
,91
,112
,28
,134
,163
,289
,320
,371
,90
,340
,326
,7
,63
,337
,344
,135
,242
,244
,374
,48
,216
,260
,312
,229
,53
,223
,312
,19
,260
,385
,187
,163
,198
,339
,326
,161
,105
,200
,152
,348
,312
,323
,327
,14
,346
,275
,13
,153
,90
,394
,268
,202
,9
,87
,54
,140
,380
,257
,303
,318
,257
,354
,207
,352
,129
,34
,105
,41
,177
,137
,155
,39
,51
,164
,369
,301
,276
,307
,297
,76
,45
,280
,329
,272
,368
,108
,359
,33
,220
,385
,374
,166
,388
,81
,4
,26
,329
,237
,265
,394
,99
,90
,373
,45
,3
,89
,258
,225
,68
,200
,272
,397
,266
,24
,310
,10
,205
,16
,102
,228
,259
,250
,40
,331
,23
,219
,165
,75
,250
,330
,285
,85
,47
,334
,212
,318
,392
,351
,204
,110
,99
,100
,392
,271
,383
,351
,131
,347
,184
,394
,21
,44
,244
,347
,64
,211
,184
,59
,90
,265
,64
,213
,135
,174
,22
,130
,125
,380
,56
,177
,273
,258
,280
,203
,361
,219
,334
,210
,72
,197
,28
,372
,42
,32
,321
,220
,2
,11
,170
,233
,380
,172
,122
,301
,332
,338
,137
,208
,352
,105
,122
,247
,239
,63
,365
,268
,350
,101
,221
,318
,374
,112
,149
,331
,116
,9
,116
,77
,122
,36
,219
,223
,17
,344
,100
,340
,230
,32
,321
,314
,366
,241
,344
,386
,263
,263
,289
,216
,186
,335
,246
,52
,228
,113
,320
,13
,375
,144
,140
,315
,140
,395
,28
,251
,277
,125
,209
,42
,38
,400
,75
,369
,121
,130
,13
,157
,143
,390
,295
,358
,261
,195
,138
,241
,307
,133
,227
,327
,167
,135
,293
,184
,13
,61
,233
,240
,157
,108
,268
,251
,208
,260
,320
,263
,259
,53
,288
,287
,199
,28
,188
,250
,344
,156
,397
,127
,48
,217
,110
,285
,254
,134
,195
,330
,94
,149
,332
,266
,360
,203
,150
,95
,334
,37
,357
,228
,143
,299
,198
,154
,320
,273
,270
,270
,345
,263
,85
,200
,269
,43
,156
,364
,176
,137
,131
,96
,49
,204
,366
,168
,27
,373
,94
,279
,371
,375
,256
,309
,255
,90
,347
,43
,72
,6
,313
,65
,171
,254
,341
,31
,60
,362
,7
,181
,164
,181
,236
,261
,200
,140
,226
,88
,73
,329
,239
,37
,247
,66
,20
,7
,205
,304
,12
,171
,354
,110
,184
,184
,130
,277
,182
,309
,200
,348
,339
,233
,326
,288
,144
,227
,57
,240
,45
,375
,100
,319
,266
,352
,108
,117
,367
,357
,24
,122
,12
,336
,347
,322
,390
,197
,155
,364
,392
,158
,121
,15
,274
,398
,349
,247
,348
,188
,394
,54
,64
,4
,117
,33
,115
,263
,130
,255
,88
,61
,23
,82
,92
,283
,258
,228
,177
,237
,187
,66
,134
,44
,121
,299
,325
,28
,100
,45
,17
,373
,10
,121
,109
,341
,286
,20
,326
,198
,285
,297
,132
,116
,358
,361
,249
,383
,70
,173
,200
,73
,22
,371
,22
,195
,7
,338
,25
,374
,69
,293
,163
,386
,347
,242
,1
,228
,368
,64
,111
,83
,5
,91
,245
,127
,254
,98
,70
,133
,21
,316
,361
,246
,365
,34
,249
,316
,165
,202
,397
,203
,381
,34
,194
,51
,224
,268
,265
,272
,172
,272
,395
,210
,15
,217
,183
,43
,303
,244
,31
,280
,188
,53
,38
,345
,199
,291
,120
,212
,188
,112
,237
,87
,125
,291
,40
,111
,398
,241
,377
,340
,145
,291
,38
,360
,168
,68
,378
,221
,378
,250
,141
,98
,218
,162
,318
,234
,115
,171
,347
,263
,306
,250
,265
,78
,378
,32
,177
,337
,313
,186
,86
,54
,42
,328
,2
,220
,120
,345
,147
,393
,253
,307
,271
,124
,94
,396
,343
,163
,100
,145
,101
,306
,272
,95
,378
,328
,123
,372
,148
,55
,106
,238
,203
,344
,265
,75
,339
,243
,146
,12
,82
,246
,38
,201
,151
,396
,240
,32
,144
,254
,86
,298
,198
,359
,128
,160
,390
,28
,338
,101
,238
,94
,17
,399
,352
,225
,77
,309
,176
,272
,260
,228
,150
,23
,213
,353
,388
,275
,170
,38
,229
,61
,392
,256
,103
,67
,316
,109
,4
,173
,392
,195
,56
,249
,295
,294
,296
,193
,183
,76
,30
,191
,150
,279
,64
,56
,383
,33
,365
,319
,327
,294
,104
,130
,122
,268
,81
,374
,257
,40
,253
,150
,211
,235
,211
,224
,133
,279
,164
,399
,379
,82
,214
,79
,386
,379
,272
,373
,48
,261
,354
,310
,45
,119
,244
,78
,339
,225
,264
,297
,132
,135
,220
,216
,330
,114
,313
,8
,78
,4
,296
,367
,296
,234
,354
,321
,169
,164
,48
,87
,231
,295
,87
,398
,188
,256
,24
,53
,338
,142
,112
,182
,241
,90
,362
,32
,44
,53
,70
,183
,391
,145
,292
,199
,327
,87
,344
,324
,254
,130
,79
,79
,26
,99
,22
,150
,300
,28
,262
,135
,383
,315
,100
,321
,185
,267
,360
,1
,200
,39
,332
,275
,102
,76
,175
,8
,151
,107
,386
,80
,142
,93
,236
,378
,35
,11
,164
,253
,63
,119
,135
,383
,341
,276
,82
,28
,74
,326
,277
,12
,298
,26
,92
,285
,109
,92
,348
,318
,194
,86
,41
,43
,312
,128
,190
,122
,245
,168
,145
,371
,198
,277
,257
,302
,9
,47
,77
,191
,223
,124
,316
,107
,359
,308
,160
,90
,39
,88
,316
,81
,344
,104
,280
,161
,111
,198
,367
,220
,289
,370
,122
,180
,63
,189
,355
,265
,74
,127
,400
,385
,376
,218
,356
,111
,11
,326
,132
,261
,154
,123
,21
,92
,259
,318
,388
,68
,140
,266
,31
,156
,239
,103
,313
,48
,58
,185
,395
,21
,294
,300
,109
,360
,5
,228
,295
,246
,246
,367
,108
,265
,277
,316
,224
,119
,382
,109
,285
,260
,189
,350
,14
,51
,217
,45
,165
,256
,34
,43
,325
,257
,396
,286
,35
,227
,191
,189
,346
,204
,328
,264
,371
,340
,353
,154
,114
,9
,37
,192
,253
,139
,68
,194
,61
,279
,152
,373
,328
,133
,321
,219
,225
,305
,224
,290
,220
,297
,30
,368
,322
,173
,314
,209
,285
,236
,30
,196
,117
,125
,284
,297
,117
,236
,256
,121
,166
,26
,197
,28
,248
,164
,55
,394
,103
,366
,279
,135
,325
,188
,390
,309
,64
,170
,14
,33
,205
,116
,280
,203
,365
,202
,309
,325
,364
,111
,271
,157
,187
,87
,30
,54
,114
,174
,246
,118
,30
,261
,97
,266
,60
,296
,254
,13
,385
,7
,335
,13
,341
,291
,232
,142
,73
,12
,16
,191
,254
,59
,16
,226
,205
,144
,315
,79
,134
,272
,247
,101
,173
,89
,234
,309
,138
,22
,364
,167
,26
,55
,252
,53
,1
,116
,3
,251
,211
,179
,220
,254
,152
,316
,58
,146
,163
,393
,46
,347
,313
,90
,81
,246
,5
,344
,207
,73
,284
,285
,291
,300
,153
,117
,48
,109
,227
,110
,287
,394
,147
,93
,7
,274
,45
,75
,229
,397
,394
,153
,21
,205
,394
,268
,24
,306
,325
,36
,142
,124
,84
,81
,92
,44
,355
,67
,128
,3
,258
,379
,280
,22
,64
,332
,108
,380
,32
,211
,178
,290
,94
,204
,304
,365
,252
,237
,190
,354
,279
,249
,2
,268
,52
,265
,66
,49
,186
,360
,364
,29
,81
,155
,69
,171
,269
,18
,335
,29
,126
,311
,50
,143
,236
,111
,136
,230
,337
,183
,280
,255
,99
,61
,244
,355
,94
,5
,300
,59
,350
,254
,219
,329
,45
,249
,393
,256
,339
,54
,377
,142
,313
,37
,24
,83
,343
,134
,345
,33
,297
,218
,97
,1
,258
,393
,302
,218
,319
,194
,39
,203
,24
,182
,69
,58
,157
,292
,400
,129
,229
,150
,300
,119
,223
,108
,21
,103
,225
,287
,184
,279
,252
,273
,106
,68
,130
,359
,224
,216
,321
,69
,88
,252
,219
,336
,105
,246
,299
,43
,248
,358
,269
,83
,357
,155
,380
,20
,9
,252
,36
,43
,274
,149
,107
,69
,70
,6
,243
,243
,199
,369
,91
,199
,46
,324
,262
,360
,357
,361
,23
,220
,304
,388
,31
,44
,131
,300
,223
,310
,14
,137
,2
,224
,64
,125
,148
,296
,295
,75
,52
,15
,108
,208
,262
,102
,151
,159
,279
,267
,330
,257
,367
,6
,80
,367
,265
,95
,279
,247
,124
,156
,296
,111
,83
,44
,353
,162
,27
,290
,195
,328
,59
,274
,135
,341
,164
,147
,390
,8
,58
,64
,209
,296
,142
,160
,170
,65
,234
,191
,356
,101
,86
,145
,66
,147
,388
,68
,286
,100
,173
,155
,223
,11
,91
,285
,75
,65
,40
,89
,282
,178
,185
,64
,215
,150
,110
,2
,335
,311
,15
,73
,11
,232
,357
,4
,228
,222
,364
,112
,176
,261
,398
,70
,42
,214
,103
,309
,9
,300
,322
,265
,306
,14
,303
,387
,378
,222
,204
,227
,321
,361
,140
,53
,203
,54
,297
,243
,148
,322
,82
,68
,187
,318
,386
,162
,312
,16
,227
,211
,216
,205
,85
,7
,280
,3
,206
,331
,175
,36
,278
,84
,85
,340
,252
,266
,365
,28
,299
,215
,353
,99
,60
,122
,5
,272
,62
,360
,373
,3
,392
,221
,379
,378
,123
,9
,108
,160
,6
,10
,185
,261
,174
,322
,205
,386
,329
,72
,20
,276
,314
,34
,25
,156
,211
,365
,22
,212
,117
,6
,190
,295
,84
,103
,271
,321
,138
,93
,172
,98
,63
,127
,395
,324
,228
,168
,324
,391
,92
,83
,350
,15
,361
,262
,26
,384
,12
,72
,216
,296
,285
,275
,69
,63
,264
,107
,129
,286
,203
,310
,6
,241
,125
,389
,34
,317
,221
,124
,130
,207
,78
,220
,117
,52
,93
,210
,328
,44
,266
,183
,382
,159
,314
,228
,72
,251
,134
,131
,8
,142
,359
,268
,97
,347
,370
,103
,220
,383
,362
,350
,272
,82
,359
,348
,201
,75
,333
,172
,188
,48
,215
,347
,19
,147
,97
,148
,173
,254
,106
,243
,71
,25
,335
,381
,145
,11
,86
,108
,118
,227
,266
,90
,276
,329
,315
,167
,163
,24
,298
,328
,361
,395
,200
,164
,322
,286
,148
,235
,296
,142
,96
,140
,125
,241
,69
,87
,186
,308
,192
,214
,147
,107
,239
,8
,320
,287
,236
,364
,330
,363
,280
,199
,170
,69
,50
,92
,357
,377
,180
,144
,287
,191
,37
,250
,136
,158
,83
,120
,293
,371
,20
,355
,241
,156
,145
,168
,1
,365
,350
,308
,248
,34
,337
,57
,392
,260
,392
,304
,12
,262
,148
,353
,197
,291
,62
,399
,15
,189
,301
,223
,54
,109
,14
,62
,50
,44
,233
,116
,106
,211
,96
,286
,185
,324
,344
,380
,158
,291
,115
,261
,305
,205
,346
,145
,52
,369
,196
,279
,81
,288
,14
,29
,41
,65
,376
,350
,353
,285
,21
,155
,226
,241
,224
,193
,312
,281
,335
,395
,18
,217
,357
,374
,176
,198
,388
,266
,347
,2
,234
,262
,52
,337
,221
,272
,88
,84
,361
,68
,248
,235
,307
,380
,21
,80
,40
,300
,352
,120
,397
,234
,179
,392
,323
,299
,371
,179
,28
,224
,187
,326
,43
,169
,86
,84
,374
,308
,122
,344
,250
,276
,64
,339
,2
,363
,241
,227
,219
,140
,322
,86
,38
,287
,88
,95
,138
,123
,58
,80
,352
,356
,334
,92
,215
,249
,218
,257
,140
,372
,184
,293
,65
,340
,317
,248
,299
,391
,49
,137
,80
,120
,365
,48
,334
,307
,330
,95
,192
,345
,42
,333
,63
,26
,38
,112
,174
,96
,95
,256
,274
,228
,180
,142
,201
,34
,67
,42
,64
,91
,87
,204
,300
,316
,164
,336
,206
,208
,9
,288
,61
,142
,395
,4
,111
,332
,203
,341
,310
,31
,220
,37
,286
,379
,139
,76
,124
,261
,102
,345
,152
,130
,317
,71
,288
,92
,11
,238
,211
,145
,33
,110
,54
,120
,29
,324
,181
,212
,371
,164
,88
,137
,78
,314
,265
,11
,330
,368
,392
,391
,219
,155
,81
,117
,205
,313
,131
,359
,341
,71
,238
,290
,130
,208
,135
,316
,362
,139
,139
,23
,1
,90
,322
,125
,196
,304
,115
,331
,234
,381
,380
,307
,364
,328
,253
,371
,312
,151
,105
,181
,180
,143
,111
,247
,42
,240
,145
,387
,374
,152
,365
,359
,216
,390
,386
,66
,345
,65
,216
,279
,216
,121
,125
,291
,34
,232
,101
,9
,2
,334
,216
,34
,80
,289
,209
,293
,295
,106
,375
,176
,42
,104
,270
,262
,339
,323
,11
,159
,389
,340
,1
,148
,332
,253
,357
,126
,106
,227
,160
,123
,354
,226
,218
,234
,364
,124
,333
,51
,234
,93
,397
,19
,127
,85
,40
,227
,283
,253
,277
,284
,34
,104
,160
,360
,331
,334
,262
,61
,178
,36
,130
,202
,110
,19
,304
,174
,392
,79
,72
,216
,34
,168
,357
,123
,274
,175
,158
,37
,83
,55
,74
,164
,386
,388
,256
,395
,351
,320
,389
,64
,261
,112
,142
,188
,281
,306
,84
,338
,92
,214
,176
,2
,256
,44
,370
,57
,375
,336
,36
,335
,240
,196
,279
,31
,42
,226
,400
,264
,181
,157
,235
,112
,164
,9
,371
,61
,347
,135
,360
,384
,386
,85
,86
,7
,198
,388
,299
,273
,281
,320
,187
,289
,309
,50
,130
,382
,11
,251
,104
,385
,71
,89
,168
,83
,275
,289
,85
,386
,323
,53
,215
,112
,380
,336
,243
,260
,239
,35
,332
,195
,239
,239
,90
,50
,44
,231
,258
,109
,50
,43
,362
,52
,40
,209
,60
,327
,357
,326
,61
,385
,239
,96
,21
,188
,289
,327
,96
,67
,254
,353
,87
,379
,104
,398
,80
,184
,133
,194
,286
,313
,70
,179
,375
,152
,160
,190
,151
,334
,110
,54
,396
,348
,29
,149
,160
,170
,164
,210
,343
,229
,70
,161
,353
,282
,196
,317
,259
,221
,313
,170
,375
,8
,287
,29
,39
,396
,177
,159
,82
,256
,192
,94
,40
,79
,311
,213
,282
,44
,76
,357
,355
,362
,355
,162
,381
,140
,131
,50
,6
,117
,327
,338
,388
,268
,256
,330
,313
,325
,91
,233
,261
,317
,233
,219
,368
,106
,101
,282
,93
,118
,387
,38
,102
,143
,207
,92
,328
,178
,169
,313
,292
,244
,137
,271
,358
,367
,266
,225
,16
,218
,228
,107
,69
,269
,159
,386
,110
,135
,313
,10
,9
,242
,19
,28
,269
,241
,345
,136
,342
,368
,188
,236
,144
,244
,385
,145
,197
,201
,341
,326
,341
,126
,232
,289
,112
,252
,100
,96
,310
,156
,27
,34
,268
,258
,224
,291
,288
,311
,128
,368
,40
,29
,226
,146
,300
,254
,224
,33
,139
,212
,90
,36
,71
,28
,83
,165
,289
,52
,201
,167
,163
,14
,239
,282
,273
,233
,326
,35
,255
,325
,279
,193
,117
,221
,54
,308
,5
,335
,301
,226
,28
,327
,349
,173
,163
,135
,20
,289
,48
,382
,205
,119
,234
,181
,98
,42
,89
,72
,90
,356
,110
,200
,400
,103
,151
,233
,345
,88
,126
,172
,182
,152
,119
,148
,253
,231
,16
,340
,346
,83
,310
,191
,81
,338
,229
,367
,61
,253
,355
,319
,97
,134
,192
,161
,309
,273
,87
,380
,243
,300
,187
,156
,126
,167
,292
,125
,314
,96
,172
,125
,344
,314
,271
,251
,328
,123
,23
,231
,299
,211
,245
,105
,315
,225
,256
,330
,280
,143
,132
,247
,208
,172
,52
,378
,66
,68
,90
,326
,117
,147
,15
,229
,252
,328
,40
,94
,282
,72
,72
,357
,394
,177
,236
,237
,208
,92
,300
,324
,192
,234
,325
,128
,25
,228
,172
,271
,115
,36
,66
,390
,2
,366
,385
,338
,399
,74
,303
,376
,33
,169
,200
,399
,294
,128
,400
,244
,11
,116
,294
,326
,279
,187
,159
,168
,114
,304
,155
,379
,194
,319
,353
,279
,207
,162
,121
,263
,118
,126
,179
,363
,387
,231
,33
,44
,377
,38
,20
,33
,26
,381
,336
,10
,70
,315
,147
,264
,118
,56
,13
,210
,169
,207
,384
,174
,227
,200
,397
,250
,186
,308
,383
,330
,69
,326
,391
,63
,276
,287
,335
,381
,103
,337
,60
,104
,248
,398
,109
,28
,125
,9
,74
,21
,231
,138
,26
,19
,52
,303
,5
,17
,276
,276
,286
,246
,139
,251
,281
,174
,370
,110
,281
,397
,172
,306
,70
,56
,348
,284
,74
,107
,28
,80
,144
,208
,61
,38
,271
,86
,129
,399
,169
,155
,319
,310
,282
,5
,92
,19
,208
,78
,309
,38
,396
,187
,189
,64
,323
,225
,204
,315
,175
,232
,261
,285
,122
,216
,217
,345
,286
,275
,80
,114
,395
,25
,65
,252
,163
,29
,13
,357
,228
,58
,296
,199
,10
,61
,327
,279
,300
,56
,69
,376
,186
,231
,330
,172
,264
,22
,297
,180
,17
,171
,77
,227
,38
,140
,38
,155
,58
,361
,365
,61
,337
,158
,219
,318
,79
,129
,349
,280
,53
,44
,266
,35
,359
,176
,380
,262
,2
,77
,228
,98
,267
,277
,240
,260
,253
,275
,237
,185
,302
,67
,160
,282
,115
,2
,159
,269
,95
,64
,298
,279
,354
,121
,230
,79
,153
,220
,13
,381
,116
,225
,380
,97
,353
,377
,300
,46
,42
,220
,208
,164
,324
,83
,115
,71
,285
,264
,378
,207
,277
,269
,217
,242
,143
,318
,393
,90
,51
,218
,196
,116
,222
,300
,131
,339
,362
,398
,273
,211
,15
,253
,48
,262
,161
,398
,289
,49
,158
,57
,277
,238
,334
,125
,300
,247
,169
,223
,163
,102
,30
,351
,382
,183
,209
,31
,347
,142
,99
,305
,164
,378
,165
,383
,53
,67
,99
,306
,360
,344
,115
,150
,28
,348
,23
,23
,243
,274
,358
,152
,256
,385
,373
,130
,105
,228
,314
,395
,352
,172
,156
,338
,69
,120
,160
,11
,173
,10
,338
,372
,228
,123
,201
,300
,310
,148
,40
,265
,288
,380
,173
,247
,217
,361
,328
,322
,118
,133
,363
,339
,299
,158
,38
,208
,137
,365
,238
,119
,373
,260
,183
,343
,378
,187
,99
,267
,144
,307
,377
,392
,339
,350
,89
,117
,92
,148
,362
,356
,335
,45
,335
,203
,224
,235
,154
,119
,18
,358
,89
,281
,27
,80
,136
,173
,48
,273
,157
,390
,138
,191
,17
,136
,375
,242
,343
,290
,366
,88
,185
,194
,135
,378
,50
,29
,197
,211
,288
,86
,260
,273
,190
,24
,256
,189
,363
,393
,147
,105
,118
,6
,244
,40
,8
,136
,355
,178
,191
,101
,280
,107
,230
,182
,212
,299
,124
,214
,294
,47
,344
,332
,53
,16
,282
,119
,282
,168
,182
,37
,365
,116
,200
,33
,292
,313
,171
,21
,44
,100
,276
,55
,66
,60
,99
,362
,227
,173
,190
,46
,219
,341
,3
,185
,61
,47
,332
,309
,334
,144
,385
,130
,361
,386
,130
,326
,363
,102
,170
,53
,165
,237
,220
,136
,312
,82
,368
,300
,13
,46
,345
,132
,384
,176
,69
,93
,308
,285
,274
,330
,269
,109
,246
,177
,288
,297
,98
,9
,156
,400
,56
,141
,320
,7
,134
,152
,157
,371
,154
,366
,395
,104
,80
,25
,239
,306
,150
,289
,126
,4
,333
,12
,84
,251
,155
,229
,264
,283
,45
,50
,216
,176
,114
,358
,115
,120
,80
,232
,332
,142
,338
,190
,40
,380
,171
,108
,302
,237
,64
,163
,248
,357
,90
,284
,10
,385
,58
,107
,149
,53
,18
,23
,324
,334
,90
,315
,120
,280
,187
,270
,339
,211
,51
,141
,209
,6
,113
,295
,98
,81
,221
,217
,160
,92
,129
,151
,202
,174
,307
,6
,369
,300
,359
,359
,219
,184
,346
,166
,370
,93
,208
,161
,121
,81
,390
,384
,286
,121
,396
,343
,203
,333
,101
,106
,154
,371
,54
,95
,100
,291
,13
,293
,170
,316
,75
,361
,306
,11
,194
,41
,178
,167
,333
,44
,59
,124
,185
,359
,374
,103
,23
,304
,276
,304
,381
,361
,31
,59
,380
,104
,7
,182
,179
,167
,265
,62
,395
,32
,308
,9
,75
,57
,118
,389
,278
,389
,367
,373
,115
,125
,370
,62
,197
,273
,6
,273
,377
,176
,51
,249
,69
,122
,374
,101
,143
,221
,242
,356
,33
,337
,174
,334
,368
,15
,21
,102
,113
,145
,66
,170
,1
,361
,121
,242
,352
,281
,1
,332
,39
,373
,224
,204
,291
,223
,274
,232
,202
,230
,139
,26
,143
,380
,224
,396
,241
,390
,397
,321
,308
,269
,275
,127
,267
,360
,307
,172
,89
,122
,328
,313
,199
,231
,353
,272
,205
,162
,379
,70
,386
,378
,40
,52
,117
,128
,121
,364
,226
,187
,112
,219
,388
,341
,108
,51
,14
,173
,400
,59
,129
,150
,209
,267
,184
,337
,200
,337
,346
,195
,292
,5
,45
,274
,89
,64
,35
,65
,336
,361
,75
,197
,312
,244
,53
,134
,254
,321
,232
,150
,259
,153
,270
,389
,314
